{"id":"7b81446a-7e7f-496d-898e-2ea977cbd46b","alias":"BlockchainWebPart","componentType":"WebPart","version":"0.0.1","manifestVersion":2,"requiresCustomScript":false,"supportedHosts":["SharePointWebPart"],"preconfiguredEntries":[{"groupId":"5c03119e-3074-46fd-976b-c60198311f70","group":{"default":"Other"},"title":{"default":"Blockchain"},"description":{"default":"Blockchain description"},"officeFabricIconFontName":"Page","properties":{"description":"Blockchain"}}],"loaderConfig":{"entryModuleId":"blockchain-web-part","internalModuleBaseUrls":["<!-- PATH TO CDN -->/"],"scriptResources":{"blockchain-web-part":{"type":"path","path":"blockchain-web-part_a3926afec5c2fbdfd1a5963cd98a5946.js"},"BlockchainWebPartStrings":{"defaultPath":"blockchainwithoutapi-blockchainwebpartstrings_en-us_536e65149b0acf4d52c0043073b9fc59.js","type":"localizedPath","paths":{}},"@microsoft/sp-property-pane":{"type":"component","version":"1.11.0","id":"f9e737b7-f0df-4597-ba8c-3060f82380db"},"@microsoft/sp-loader":{"type":"component","version":"1.11.0","id":"1c6c9123-7aac-41f3-a376-3caea41ed83f"},"@microsoft/sp-core-library":{"type":"component","version":"1.11.0","id":"7263c7d0-1d6a-45ec-8d85-d4d1d234171b"},"@microsoft/sp-webpart-base":{"type":"component","version":"1.11.0","id":"974a7777-0990-4136-8fa6-95d80114c2e0"},"react":{"type":"component","version":"16.8.5","id":"0d910c1c-13b9-4e1c-9aa4-b008c5e42d7d"},"react-dom":{"type":"component","version":"16.8.5","id":"aa0a46ec-1505-43cd-a44a-93f3a5aa460a"}}}}